<?xml version="1.0" encoding="UTF-8"?>
<mule xmlns:db="http://www.mulesoft.org/schema/mule/db" xmlns:tracking="http://www.mulesoft.org/schema/mule/ee/tracking" xmlns:doc="http://www.mulesoft.org/schema/mule/documentation" xmlns="http://www.mulesoft.org/schema/mule/core" xmlns:apikit="http://www.mulesoft.org/schema/mule/apikit" xmlns:http="http://www.mulesoft.org/schema/mule/http" xmlns:spring="http://www.springframework.org/schema/beans" xmlns:xsi="http://www.w3.org/2001/XMLSchema-instance" xsi:schemaLocation="http://www.mulesoft.org/schema/mule/core http://www.mulesoft.org/schema/mule/core/current/mule.xsd
http://www.mulesoft.org/schema/mule/http http://www.mulesoft.org/schema/mule/http/current/mule-http.xsd
http://www.mulesoft.org/schema/mule/apikit http://www.mulesoft.org/schema/mule/apikit/current/mule-apikit.xsd
http://www.springframework.org/schema/beans http://www.springframework.org/schema/beans/spring-beans-3.1.xsd
http://www.mulesoft.org/schema/mule/ee/tracking http://www.mulesoft.org/schema/mule/ee/tracking/current/mule-tracking-ee.xsd
http://www.mulesoft.org/schema/mule/db http://www.mulesoft.org/schema/mule/db/current/mule-db.xsd">

    
    <db:mysql-config name="MySQL_Configuration" host="mudb.mulesoft-training.com" port="3306" user="mule" password="mule" database="training" doc:name="MySQL Configuration"/>
    <flow name="get-flight-by-id">
        <db:select config-ref="MySQL_Configuration" doc:name="american-db">
            <db:parameterized-query><![CDATA[select * from flights
WHERE ID = #[message.inboundProperties.'http.uri.params'.ID]]]></db:parameterized-query>
        </db:select>

    </flow>
    <flow name="get-all-flights" initialState="started">
        <db:select config-ref="MySQL_Configuration" doc:name="american-db">
            <db:parameterized-query><![CDATA[select * from flights]]></db:parameterized-query>
        </db:select>
    </flow>

</mule>
